{"blue": 70.28370924283249, "green": 194.75548424207562, "red": 185.88399987890165}